text,humor
My girlfriend dumped me for talking too much about video games what a ridiculous thing to fallout 4,True
*emergency room* nurse: we're losing him! doctor : im working as fast as i can,True
What part of canada do the inuit control? nunavut.,True
You've just made a very lazy enemy my friend.,True
Don't look out of the window betty people will think it's halloween.,True
A vegan...like mr. spock? no mom...that's a vulcan.,True
What's your best oscar one liner? tell me.,True
*woman throws a drink in my face but i swallow it all perfectly*,True
"The defecator. that's not even a real transformer. beat it, kid.",True
I must be emotionally constipated ...because i haven't given a shit in days,True
What did one british tampon say to the other british tampon? we're bloody-well stuffed.,True
My mate gav overdosed on heart burn tablets i cant believe gav is gone.,True
My sergeant told us to fire at will... it's kind of a shame. i liked that guy.,True
What do you call a bear that swings both ways? bi-polar,True
Just got a package in the mail today... deez nuts! hahhhhhhh got-eeem,True
Hell hath no fury like 2 women in a car accident...,True
What did the gay frenchman say to his boyfriend right before sucking his dick? boner appetit.,True
Me and justin trudeau have alot in common... we both hope our budget will balance itself,True
Help i'm addicted to skin i can't stop wearing it!,True
What's the difference between asians and caucasians? asians don't have the cauc.,True
Just turned my welcome mat into an unwelcome mat by spray painting cancer across it,True
My local steak house serves nothing but vegetarian bc cows are vegetarian,True
Donald trump and hillary clinton are on a sinking boat. who survives? america,True
Q: how many russians does it take to change a light bulb? a: that's a military secret.,True
What is the date in germany/brasil in about a month from now? germany/brasil 7-1,True
Whats the difference between my sex life and racism racism actually exists,True
"Alcohol has an odd way of revealing who we really are. turns out, i'm batman.",True
My penis was in the guinness book of world records until they kicked me out of the library,True
Did you hear about the cannibal? he dumped his girlfriend...*flies away*,True
I have parrot-like reflexes. don't you mean cat-like reflexes? don't you mean cat-like reflexes?,True
Which plant talks the most crap? shiitake mushrooms.,True
Who's the fastest runner in the chinese olympic team? mr. do ping,True
A greek guy is bullied on the interwebs... grekt,True
Barista: name? benedict cumberbatch: benedict cumberbatch barista  benedict cumberbatch: holy shit,True
Just saw a fiat 500 smash into a smart car on i-95. cutest. thing. ever.,True
Why do buddhist make bad vacuum salesman? they can't deal with attachments.,True
I started observing extremists wanted to find out what made them tick... tock... boom,True
Let's have phone sex over walkie talkies. bend over. bend what? over.,True
The xbox is being attacked! here comes the ambulance wii u wii u wii u,True
What do grateful dead fans say when they run out if weed? who's playing this shit?,True
Why does c. ronaldo comb his hair every game break? so it won't get too messi.,True
Jesus would be a great porn star. his second cumming is biblical in proportion.,True
I will never vaccinate my child. i'd rather a doctor or nurse do it.,True
What do you call a banker's disgusting fetish? his gross interest.,True
What time is it when. you have to go to the dentist? tooth-hurty.,True
What do boobs and margaritas have in common? one is not enough. three is to many.,True
One of my dad's why do serial killers do what they do? for the kix,True
What do you call a pile of cats? a meowtian.,True
What starts with f and ends with uck? fuck,True
What do computers &amp; old testament gods have in common lots of rules and no mercy,True
I saw this bloke chatting up a cheetah. i thought  he's trying to pull a fast one.,True
Why couldn't the teddy bear smell? because his nose was stuffed,True
100% legal to pay a kid to punch another kid in the face.,True
Why do failing college girls always screw their professors? cause they want the d.,True
I accidentally pooed my pants in an elevator. i'm taking this shit to a whole new level.,True
I would describe your butt as a 7/10... ...there's a crack and a hole in it.,True
Why do ducks try to avoid eating out? they're always stuck with a bill.,True
What's pink and hard? a pig with a knife.,True
Saturday tip: simply because mother has fallen asleep that's no reason to stop the footrub,True
I would tell the one about jonestown.. but the punch line is too long,True
I went the school of hard knocks... my knuckles are still sore.,True
A toast to wives...girlfriends and lovers... may they never meet...,True
What do you call a gay man's paradise? a fruitopia.,True
Reddit is a meltigpot there are rants about melts and 420 blaze it *crickets chirping*,True
"What did the 7-eleven employee say to his wife after sex? thank you, cum again.",True
"Twitter...because if it can't be described in 140 characters or less, did it really ever happen?",True
There are thirty cows and twenty eight chickens. how many didn't? ten of them.,True
"What do you tell a woman with black eyes? nothing, you already told her twice.",True
What noise does a train say when it eats chew chew *crap joke*,True
I went to a shredded cheese convention the other day... it was grate,True
How do you get stoned in ancient rome? start shouting jehovah.,True
Nobody believes in racial profiling until they get a sushi chef with red hair.,True
What do you call a woman that has a penis. pregnant. with a boy. (mwah mwah mwah mwuaahh),True
We're all sex addicts. some of us just have better dealers.,True
Everybody needs a bosom for a pillow mines made of mammary foam,True
"What's the three fastest ways of communication? telephone, telegraph, and tell-a-woman.",True
Men who care about the covers being stolen fail to utilize the warm body next to them properly.,True
"I'm so high, i just tried to google my favorite songs.",True
Seagull joke q: what do you call a seagull that knows martial arts? a: steven seagull,True
The shortest joke ever two women were sitting quietly.,True
What is the #1 book that teaches you all about business the book of job,True
Jared fogle's career ending the same way it started.... trying to get into smaller pants,True
Handmade things always seem to sell for extra. apparently that doesn't apply to semen.,True
Waiter ! have you got frogs' legs ?   no sir i always walk this way,True
What did the vampire say to the teacher? see ya next period.,True
Why did luke skywalker never really know his father? because he was a child of da'force,True
I try to do my job the way i have sex. work fast and and get done quick,True
I like musical dramas. they really strike a chord with me.,True
A nurse finds a rectal thermometer in her pocket ...and says some asshole's got my pen,True
How does ebenezer scrooge make phone calls?  collect!,True
The rock just announced he's having a baby girl... i bet he names her marble.,True
"Remember, he who laughs last is the idiot who took forever to get it.",True
I bet today is the most confusing day in harlem!,True
If a church congregation from massachusetts goes on a bus ride it would be mass mass mass transit,True
What do you call the person that cleans the mafia's hotel rooms? a maid man.,True
"But officer, i put the phone down as soon as i saw that you saw me using it...",True
The most dire of jay-z's 99 problems is his inability to properly delegate minor problems.,True
"Where does walmart keep the terminator toys? aisle b, back.",True
I think it's cool that our galaxy is named after a chocolate bar.,True
"Don't break anybody's heart, they have only one........ break their bones, they have 206.",True
